Nachname,Vorname,Geburtsdatum,Geburtsort,Muttersprache,Geschlecht,Geburtsland,Wohnort Stadt,Wohnort Land
Kanou,Mohamed,10-07-1977,Ain alarab,000,Herr,Syrian Arab Republic,Witten,Germany
Al-Osman,Jian,09-03-1983,Alqush Telkef/Ninava,000,Frau,Iraq,Dortmund,Germany
Tran,Khac Tuan,16-10-1995,Nghe An,000,Herr,Vietnam,Hamm,Germany
Almaree,Mahran,01-12-1994,Al Malikiya,000,Herr,Syrian Arab Republic,Dortmund,Germany
Kemjeu,Erick martial,16-10-1986,Santchou,000,Herr,Cameroon,Dortmund,Germany
Ermişer,Nazlı,14-06-1997,İstanbul,011,Frau,Turkey,Lünen,Germany
Sabouni,Hala,19-08-2005,Aleppo / Syrien,000,Frau,Syrian Arab Republic,Dortmund,Germany
Madawi,Haitham,27-10-1996,QUDSIA,000,Herr,Syrian Arab Republic,Hagen,Germany
Ermişer,Nazlı,14-06-1997,İstanbul,011,Frau,Turkey,Lünen,Germany
dahbour,ekhlas,21-01-1999,surbdamascus,000,Frau,Syrian Arab Republic,Dortmund,Germany
Khan,Zubair,17-02-1988,Kurram Pk,000,Herr,Pakistan,Herdecke,Germany
Abdallah,Mohamed Mostafa Ahmed,22.03.1989,Qena,000,Herr,Egypt,Dortmund,Germany
Adu Boahen,Richard,14.07.1974,Jamasi Dawu,000,Herr,Ghana,Mülheim an der Ruhr,Germany
Oboh,Sofia,20-02-1985,Uromi,000,Frau,Nigeria,Dortmund,Germany
Anslem,Jane,04-06-1995,Ubiaja,000,Frau,Nigeria,Essen,Germany
Collaku,Adela,23-11-1988,Kraste,000,Frau,Albania,Leverkusen,Germany
Amadin,Kenneth,02-09-1976,Benin city,000,Herr,Nigeria,Mülheim an der Ruhr,Germany
Allani,Algert,28-08-1984,Elbasan,000,Herr,Albania,Dortmund,Germany
Simsir,Imran,05.09.1971,Nevsehir,011,Frau,Turkey,Witten,Germany
Nashif Nasirat,Zahra,22-03-1995,Kefar Sava,000,Frau,Israel,Wetter,Germany
Balhas,Hassan,29-11-1972,Sedaquine,000,Herr,Lebanon,Dortmund,Germany
Korkmaz,Ismail,19.07.1987,Susurluk,011,Herr,Turkey,Hagen,Germany
Collaku,Adela,23-11-1988,Kraste,000,Frau,Albania,Leverkusen,Germany
KAISAR,DUAA,20-02-1990,DAMASKUS,000,Frau,Syrian Arab Republic,Saerbeck,Germany
KAISAR,AHMAD,20-02-1984,DAMASKUS,000,Herr,Syrian Arab Republic,Saerbeck,Germany
Daoud,issa,31-07-1995,Amuda,000,Herr,Syrian Arab Republic,Gelsenkirchen,Germany
Özdaş,Muhammed Emin,14-02-1999,Erzurum,011,Herr,Turkey,Köln,Germany
Düz,Murat,03-03-1993,Diyarbakir,011,Herr,Turkey,Hanau,Germany
Alver,Emre,23-03-1999,Osmangazi,011,Herr,Turkey,Hanau,Germany
HIRCIN,SEVILAY,01.03.1988,DEVREK,011,Frau,Turkey,DORTSEN,Germany
Mestefa,Anwar,05-05-1988,Mihiou,000,Herr,Eritrea,Wuppertal,Germany
Owusu,Silas Kwarteng,14-03-1982,Kumasi,000,Herr,Ghana,Dortmund,Germany
KAYAOGLU,Ömer,28-06-1994,Dikmen,011,Herr,Turkey,Lünen,Germany
Bader,Bawer,15-01-1998,Tabka,000,Herr,Syrian Arab Republic,Dortmund,Germany
Abbes,Oussama,05-09-1997,Moulares,000,Herr,Tunisia,Berlin,Germany
Sagher Najjar,Mahmoud,06-03-1992,Lebanon,000,Herr,Lebanon,Dortmund,Germany
Persen,Üzeyir,08-01-1979,Kinik,011,Herr,Turkey,Hamm,Germany
Arikan,Hatice,15-11-1976,Sulakyurt,011,Frau,Turkey,Halver,Germany
Abubakra,Akram,11-05-1989,Algier,000,Herr,Algeria,Dortmund,Germany
Morei,Tareq,19-12-1996,Damaskus,000,Herr,Syrian Arab Republic,Dortmund,Germany
Dao,Duy Tung,23-11-1991,Viet Nam,000,Herr,Vietnam,Dortmund,Germany
almohamad,abdulkayom,06-01-1991,damaskus,000,Herr,Syrian Arab Republic,Dorsten,Germany
Aljalad,Hussien,01-01-1995,Aleppo,000,Herr,Syrian Arab Republic,wesel,Germany
Almohamamd Alaber,Huda,01.01.1987,Deir Azzor,000,Frau,Syrian Arab Republic,Leer,Germany
Yay,Samet,23-12-1991,Karabük,011,Herr,Turkey,Essen,Germany
hulaj,hasim,24-02-1982,prilep,000,Herr,Kosovo,Gelsenkirchen,Germany
Ciftci,Abdulkadir,20-12-1980,Kayapınar,011,Herr,Turkey,Salzkotten,Germany
Güner,Hatice,01-05-1987,Savur,011,Frau,Turkey,Paderborn,Germany
Aksoy,Murat,14-04-1972,Sakarya,011,Herr,Turkey,Salzkotten,Germany
Kathare,Kamalakant,06-10-1981,"Belgaum, Karnataka, Indien",000,Herr,India,Dortmund,Germany
Tobi,Eran,15-12-1981,Holon,000,Herr,Israel,Dortmund,Germany
Arikan,Mehmet,05-02-1975,TUFANBEYLİ,011,Herr,Turkey,Halver,Germany
Araz,Önder Kemal,06-02-1984,Bursa,011,Herr,Turkey,Dortmund,Germany
Oleg,Rozenblat,13-07-1991,Schitomir,000,Herr,Ukraine,Dortmund,Germany
Sonar,Shamali,10.02.1997,"Nashik, Indien",000,Frau,India,Dortmund,Germany
Mpofu,Lydia Rumbidzai,23-09-2001,Gutu,000,Frau,Zimbabwe,Lemgo,Germany
Dincer Eren,Cagla,26.07.1990,Osmangazi,011,Frau,Turkey,Dortmund,Germany
Demirel,Selahattin,25-12-1984,Adıyaman,011,Herr,Turkey,Krefeld,Germany
Hazza,Huda Abdsamd Ahmed,02.11.1986,Lahj,000,Frau,Yemen,Dortmund,Germany
Kanou,Mohamed,10-07-1977,Ain alarab,000,Herr,Syrian Arab Republic,Witten,Germany
Almaree,Mahran,01-12-1994,Almalikiya,000,Herr,Syrian Arab Republic,Dortmund,Germany
Tiran,Shani,03-07-1988,Tel Aviv,000,Frau,Israel,Dortmund,Germany
Oluwajobi,Olalekan,02-04-1986,Ondo west local government,000,Herr,Nigeria,Solingen,Germany
Kulovic,Belma,02-11-1996,Tuzla,000,Frau,Bosnia and Herzegovina,Gelsenkirchen,Germany
Cetiner,Hilal,13.03.1980,Besni,011,Frau,Turkey,Dortmund/Dortmund,Germany
Hatahit,Bayan,30-04-1994,Damaskus,000,Frau,Syrian Arab Republic,Witten,Germany
Martinez Puma,Limber Ubaldo,17-12-1988,Cochabamba,004,Herr,Bolivia,Dortmund,Germany
Wali,Shamla,28-09-1990,Pishin,000,Frau,Pakistan,Dortmund,Germany
Ragheb,Heba Ahmed Elsadek Mahmoud,12-02-1983,Giza,000,Frau,Egypt,Herne,Germany
Ahmad,Adnan,13-12-1989,Lahore,000,Herr,Pakistan,Gelsenkirchen,Germany
Alotaibi,Raghad,29-10-1996,Amman,000,Frau,Jordan,Dortmund,Germany
El Ghouate,Abdelaziz,17-06-1988,Sidi Bouknadel,000,Herr,Morocco,Gelsenkirchen,Germany
Moradiya,Dhara Tushar,17.05.1995,Bamangadh Junagadh,000,Frau,India,Altenberge,Germany
serkan,cüteli,29.03.1984,Istanbul,011,Herr,Turkey,Haltern am See,Germany
Aydin,Mustafa,20-12-1978,Kocaeli,011,Herr,Turkey,Hamm,Germany
Khalidi,Aida,29-09-1994,Maarif,000,Frau,Morocco,Köln,Germany
Guscott,Romario Antonio,01-11-1996,Kingston,000,Herr,Jamaica,Dortmund,Germany
Parvin,Sultana,07/08/1988,Mymensingh,000,Frau,Bangladesh,Köln,Germany
Cakir,Nurdan,18.05.1982,Çorum,011,Frau,Turkey,Hemer,Germany
Demirazi,Kristina,29-03-1999,Thessaloniki,000,Frau,Greece,Dortmund,Germany
Malki,Ghinwa,01-01-1994,Hasaka,000,Frau,Syrian Arab Republic,Koblenz,Germany
S Pandia,Marselina,30-03-1998,Medan,000,Frau,Indonesia,Münster,Germany
Hassan Farah,Mahamed,21-03-1989,Mogadischu,000,Herr,Somalia,Dortmund,Germany
Halilaj,Rei,24-05-1996,Tirana,000,Herr,Albania,Paderborn,Germany
Nakshbandi,Anas,10-05-1995,Damaskus,000,Herr,Syrian Arab Republic,Dortmund,Germany
Kolesnikova,Daria,26-09-2002,Balakowo,009,Frau,Russia,Dortmund,Germany
Hossain,Md Kamal,14-09-1981,Chattogram,000,Herr,Bangladesh,Essen,Germany
Alnasan,Nour,17.02.1989,Damaskus Sub,000,Frau,Syrian Arab Republic,Lippstadt,Germany
Khani,Mohamad,01-01-1994,Syrien,000,Herr,Syrian Arab Republic,Dortmund,Germany
Dash,Suher,05-06-1997,Ljubljana,000,Frau,Slovenia,Dortmund,Germany
Lee,Minwoo,28-06-2004,Seongnam-si,000,Herr,Korea,Münster,Germany
Danylo,Soroka,12-04-2006,"Kharkiw , Ukraine",009,Herr,Ukraine,Iserlohn,Germany
Alsalkhadi,Issam,05-10-1976,Abu dhabi,000,Herr,United Arab Emirates,Bergkamen,Germany
Okocha,Jude Ukwandi,01-08-2023,Adonte,000,Herr,Nigeria,Dortmund,Germany
hulaj,hasim,24-02-1982,prilep,000,Herr,Kosovo,Gelsenkirchen,Germany
Al Mheimed,Abdul Kader,09-06-1993,DEIR AZZOR,000,Herr,Syrian Arab Republic,Hagen,Germany
Turan Pinar,Biray,14-03-1985,Malazgirt,011,Frau,Turkey,Hagen,Germany
Morei,Tareq,19-12-1996,Damaskus,000,Herr,Syrian Arab Republic,Dortmund,Germany
Bo-Elongo Kimuemue,Nathan,14-09-2003,Kinshasa,000,Herr,Democratic Republic of the Congo,Herne,Germany
bajrami,dardan,03.07.1991,prizren,000,Herr,Kosovo,Herten,Germany
Aydin,Saadet,09-09-1999,Osmangazi,011,Frau,Turkey,Dortmund,Germany
Al-Zuhairi,Omar,29.11.1982,IRQ,000,Herr,Iraq,Dortmund,Germany
,,,,000,,,Münster,Germany
,,,,000,,,Lippstadt,Germany
,,,,000,,,Leverkusen,Germany
,,,,000,,,Dortmund,Germany
,,,,000,,,Dortmund,Germany
,,,,000,,,Bremen,Germany
,,,,000,,,Bochum,Germany
,,,,000,,,Leverkusen,Germany
,,,,000,,,Hagen,Germany
,,,,000,,,Fröndenberg/Ruhr,Germany
,,,,000,,,Dortmund,Germany
,,,,000,,,Ahlen,Germany
,,,,000,,,Dortmund,Germany
,,,,000,,,Dorsten,Germany
,,,,000,,,Bad laer,Germany
,,,,000,,,Gütersloh,Germany
,,,,000,,,Oberhausen,Germany
,,,,000,,,Nordkirchen,Germany
,,,,000,,,Hattingen,Germany
,,,,000,,,Hattingen,Germany
,,,,000,,,Leverkusen,Germany
,,,,000,,,Lünen,Germany
,,,,000,,,Essen,Germany
,,,,000,,,Bielefeld,Germany
,,,,000,,,Oer-Erkenschwick,Germany
,,,,000,,,Fröndenberg/Ruhr,Germany
,,,,000,,,Gelsenkirchen,Germany
,,,,000,,,Höxter,Germany
,,,,000,,,Dortmund,Germany
,,,,000,,,Beckum,Germany
,,,,000,,,Hagen,Germany
,,,,000,,,Dortmund,Germany
,,,,000,,,Bochum,Germany
,,,,000,,,Gelsenkirchen,Germany
,,,,000,,,Hagen,Germany
,,,,000,,,Beckum,Germany
,,,,000,,,Dortmund,Germany
,,,,000,,,Lünen,Germany
,,,,000,,,Bielefeld,Germany
,,,,000,,,Hamm,Germany
,,,,000,,,Oberhausen,Germany
,,,,000,,,Willich,Germany
,,,,000,,,Dortmund,Germany
,,,,000,,,Wetter,Germany
,,,,000,,,Iserlohn,Germany
,,,,000,,,Bayreuth,Germany
,,,,000,,,Recklinghausen,Germany
,,,,000,,,Aachen,Germany
,,,,000,,,Düsseldorf,Germany
,,,,000,,,Hamburg,Germany
,,,,000,,,Schermbeck,Germany
,,,,000,,,Unna,Germany
,,,,000,,,Obergünzburg,Germany
,,,,000,,,Hagen,Germany
,,,,000,,,Dortmund,Germany
,,,,000,,,Bonn,Germany
,,,,000,,,Hamm,Germany
,,,,000,,,Kleve,Germany
,,,,000,,,Dortmund,Germany
,,,,000,,,Hamm,Germany
,,,,000,,,Hamm,Germany
,,,,000,,,Köln,Germany
,,,,000,,,Hamm,Germany
,,,,000,,,Hamm,Germany
,,,,000,,,Hamm,Germany
,,,,000,,,Hamm,Germany
,,,,000,,,Hamm,Germany
,,,,000,,,Hamm,Germany
,,,,000,,,Neu Wulmstorf,Germany
,,,,000,,,Neu Wulmstorf,Germany
,,,,000,,,Neu Wulmstorf,Germany
,,,,000,,,Hamm,Germany
,,,,000,,,Hamm,Germany
